crosswalk_id,car
06-0000036765,0
06-0000036763,0
06-0000036761,0
06-0000036762,0
06-0000038099,0
06-0000036764,0
06-0000014300,0
06-0000036756,0
06-0000036755,0
06-0000036757,0
06-0000036758,0
06-0000036760,0
06-0000036759,0
06-0000036754,0
06-0000038101,0
06-0000037117,0
06-0000033531,0
06-0000038344,0
06-0000037116,0
06-0000038111,0
06-0000046662,0
06-0000038098,0
06-0000038119,0
06-0000038120,0
06-0000019177,0
06-0000041576,0
06-0000038121,0
06-0000038122,0
06-0000038163,0
06-0000027999,0
06-0000028000,0
06-0000013632,0
06-0000028002,0
06-0000037791,0
06-0000000054,0
06-0000028001,0
06-0000014437,18.05205479
06-0000014299,0
06-0000002245,33.33013699
06-0000000930,0
06-0000013039,0
06-0000000036,33.33013699
06-0000013038,0
06-0000037794,0
06-0000037040,0
06-0000000037,33.33013699
06-0000000042,33.33013699
06-0000014253,0
06-0000000055,0
06-0000013040,0
06-0000001712,0
06-0000013041,0
06-0000014023,0
06-0000014046,0
06-0000000041,33.33013699
06-0000037772,0
06-0000037818,0
06-0000037805,0
06-0000037771,0
06-0000037819,0
06-0000000057,0
06-0000000061,0
06-0000014250,0
06-0000014027,0
06-0000003614,0
06-0000012408,0.091780822
06-0000014246,0
06-0000046525,0
06-0000026278,0.095890411
06-0000002634,0
06-0000037770,0.095890411
06-0000014251,0
06-0000012938,0
06-0000024272,0
06-0000015755,0.095890411
06-0000050952,0
06-0000014047,0
06-0000013963,0.095890411
06-0000024273,0
06-0000013042,0
06-0000013964,0.095890411
06-0000015756,0
06-0000031628,0
06-0000020801,0.171232877
06-0000027388,0
06-0000039032,0
06-0000003143,0
06-0000037730,0
06-0000027394,0
06-0000014042,0.075342466
06-0000027395,0
06-0000014043,0.280821918
06-0000027389,0
06-0000002366,0
06-0000014044,0.198630137
06-0000014247,0
06-0000003145,0.194520548
06-0000014249,0
06-0000014045,0.363013699
06-0000037813,0.302739726
06-0000037742,0.302739726
06-0000013805,0.054794521
06-0000037745,0.054794521
06-0000013798,0.302739726
06-0000029139,0.302739726
06-0000037769,0.302739726
06-0000037741,0.302739726
06-0000027390,0
06-0000013797,0.471232877
06-0000037743,0.302739726
06-0000037812,0.357534247
06-0000013802,0.163013699
06-0000025945,0
06-0000002368,0
06-0000037727,0
06-0000037744,0.253424658
06-0000037213,0
06-0000029140,0.357534247
06-0000013799,0.163013699
06-0000027397,0.101369863
06-0000003140,0
06-0000037220,0.119178082
06-0000002370,0
06-0000013965,0
06-0000003582,0.119178082
06-0000022976,0.119178082
06-0000022975,0.068493151
06-0000037222,0.119178082
06-0000022974,0
06-0000013801,0.253424658
06-0000027393,0
06-0000027396,0.032876712
06-0000050357,0.032876712
06-0000003583,0.119178082
06-0000037221,0.068493151
06-0000003137,0
06-0000037218,0
06-0000037725,0
06-0000037214,0
06-0000037217,0
06-0000037215,0
06-0000037219,0
06-0000037216,0
06-0000013800,0.357534247
06-0000030297,0.253424658
06-0000037739,0.253424658
06-0000033803,0
06-0000037738,0.357534247
06-0000027391,0
06-0000027392,0
06-0000013062,0.357534247
06-0000029141,0.357534247
06-0000033802,0
06-0000037737,0.163013699
06-0000052819,0.101369863
06-0000013061,0.163013699
06-0000013665,0
06-0000013056,0.083561644
06-0000037820,0
06-0000015739,0
06-0000050355,0.157534247
06-0000037823,0
06-0000050358,0.202739726
06-0000013664,0
06-0000050356,0.157534247
06-0000037821,0
06-0000013063,0.216438356
06-0000038059,0.216438356
06-0000029142,0.216438356
06-0000039362,0
06-0000038567,0
06-0000037822,0
06-0000034378,0
06-0000033801,0.182191781
06-0000048346,0
06-0000024638,0.182191781
06-0000013342,0.075342466
06-0000038060,0.075342466
06-0000013663,0
06-0000013057,0.032876712
06-0000013155,0.043835616
06-0000013060,0.032876712
06-0000013635,0.139726027
06-0000037713,0.139726027
06-0000013636,0.139726027
06-0000038699,0.032876712
06-0000013058,0
06-0000038700,0.032876712
06-0000028076,0.108219178
06-0000013156,0.080821918
06-0000038061,0.205479452
06-0000048354,0.350684932
06-0000028075,1.306849315
06-0000022106,1.306849315
06-0000024649,0.649315068
06-0000013638,0.395890411
06-0000013637,0.395890411
06-0000028074,1.319178082
06-0000038062,0.130136986
06-0000013343,0.130136986
06-0000028073,1.319178082
06-0000038063,0.130136986
06-0000038064,1.328767123
06-0000013059,0.798630137
06-0000013662,0
06-0000038065,1.328767123
06-0000052690,0
06-0000052689,0
06-0000013660,0
06-0000039202,1.693150685
06-0000039301,1.693150685
06-0000039264,1.693150685
06-0000013639,0.395890411
06-0000048358,1.693150685
06-0000013661,0
06-0000038066,1.121917808
06-0000013344,1.076712329
06-0000038067,1.076712329
06-0000013666,0.050684932
06-0000013642,0.395890411
06-0000013643,0.395890411
06-0000015738,0
06-0000013960,0.338356164
06-0000013644,0.395890411
06-0000020800,0.338356164
06-0000038068,1.182191781
06-0000013640,0.395890411
06-0000045428,0.439726027
06-0000013645,0.395890411
06-0000013650,0
06-0000045430,0.398630137
06-0000013959,0.338356164
06-0000015751,5.238356164
06-0000045224,0.361643836
06-0000013648,0.175342466
06-0000045476,1.182191781
06-0000045431,1.182191781
06-0000013957,5.061643836
06-0000013154,0.110958904
06-0000013949,0.106849315
06-0000037704,0.395890411
06-0000013641,0.395890411
06-0000013646,0.175342466
06-0000037705,0.395890411
06-0000045429,0.105479452
06-0000038069,3.426027397
06-0000013947,2.416438356
06-0000013958,5.238356164
06-0000003049,0.046575342
06-0000013948,0.276712329
06-0000026758,0.050684932
06-0000013649,0.175342466
06-0000051949,0.076712329
06-0000050674,0.050684932
06-0000013153,0.110958904
06-0000045427,0.047945205
06-0000048580,0
06-0000030290,0.330136986
06-0000013341,3.473972603
06-0000013647,0.175342466
06-0000038074,3.473972603
06-0000013954,5.238356164
06-0000013659,0.076712329
06-0000046600,0
06-0000038970,0.138356164
06-0000011834,0
06-0000013651,0.089041096
06-0000023068,5.238356164
06-0000015659,0
06-0000036058,0
06-0000036838,0.089041096
06-0000036057,0
06-0000038971,0.184931507
06-0000038969,0.138356164
06-0000013151,0.046575342
06-0000013652,0.089041096
06-0000012411,0
06-0000048568,0.076712329
06-0000036837,0.089041096
06-0000039268,1.7
06-0000038972,0.147945205
06-0000038361,0.089041096
06-0000013152,0.110958904
06-0000022107,0
06-0000038360,0.089041096
06-0000038973,0.147945205
06-0000013654,0.089041096
06-0000036835,0.089041096
06-0000013657,0.121917808
06-0000037734,0.395890411
06-0000013345,3.316438356
06-0000013150,0.046575342
06-0000013656,0.121917808
06-0000013653,0.089041096
06-0000036836,0.089041096
06-0000013655,0.121917808
06-0000013658,2.923287671
06-0000013953,0.320547945
06-0000013183,0.169863014
06-0000038810,0.057534247
06-0000034380,0
06-0000034379,0
06-0000013188,0.242465753
06-0000013187,0.242465753
06-0000013185,0.304109589
06-0000044683,0.242465753
06-0000013951,0.383561644
06-0000013952,0.275342466
06-0000013184,0.242465753
06-0000027846,0.105479452
06-0000035677,0.078082192
06-0000013544,0.169863014
06-0000013479,0.124657534
06-0000013541,0.169863014
06-0000048609,0.169863014
06-0000034381,0
06-0000048608,0.169863014
06-0000013543,0.169863014
06-0000013480,0.124657534
06-0000013532,0.198630137
06-0000013542,0.169863014
06-0000027849,0.124657534
06-0000040292,2.923287671
06-0000013085,0
06-0000013477,2.882191781
06-0000039302,0
06-0000013540,0.045205479
06-0000013538,0.14109589
06-0000038811,0.14109589
06-0000013499,0
06-0000013550,0.093150685
06-0000027848,0.093150685
06-0000013539,0.045205479
06-0000013481,0.073972603
06-0000020765,0.047945205
06-0000050670,0.14109589
06-0000015732,0
06-0000013547,0.047945205
06-0000015735,0.047945205
06-0000027850,0.038356164
06-0000013117,0
06-0000034382,0
06-0000050669,0.14109589
06-0000033800,0
06-0000027851,0
06-0000012969,0.075342466
06-0000012971,0.075342466
06-0000013121,0
06-0000038496,0.180821918
06-0000013495,0.180821918
06-0000013494,0.180821918
06-0000013496,0.217808219
06-0000027852,0
06-0000013122,0
06-0000023871,0
06-0000024504,0.047945205
06-0000036059,0
06-0000023873,0
06-0000036060,0
06-0000013102,0.032876712
06-0000013124,0
06-0000023874,0
06-0000019874,0
06-0000042147,0
06-0000042148,0
06-0000013123,0
06-0000042141,0
06-0000047920,0
06-0000042142,0
06-0000039272,0
06-0000039303,0
06-0000031760,0
06-0000019873,0
06-0000027785,0
06-0000042140,0
06-0000027788,1.060273973
06-0000019869,0
06-0000012975,1.060273973
06-0000029733,0.034246575
06-0000027789,0
06-0000013104,0.047945205
06-0000012974,0.032876712
06-0000027792,0
06-0000024363,0.032876712
06-0000013491,0.217808219
06-0000024372,0
06-0000036910,0.217808219
06-0000038976,0.034246575
06-0000011612,0
06-0000038977,0.034246575
06-0000011609,1.05890411
06-0000044936,0
06-0000025616,0.076712329
06-0000045844,0
06-0000025865,0
06-0000011608,1.05890411
06-0000015648,0.042465753
06-0000019875,0
06-0000013090,0
06-0000013488,0
06-0000042139,0
06-0000012973,0
06-0000030344,2.268493151
06-0000024490,0.047945205
06-0000025866,0
06-0000012972,0
06-0000011613,0.034246575
06-0000042146,0
06-0000029734,0
06-0000042145,0
06-0000011610,1.05890411
06-0000042144,0
06-0000050375,0
06-0000030696,0.119178082
06-0000015713,0.032876712
06-0000011605,0
06-0000003232,0
06-0000013125,0
06-0000013492,0.034246575
06-0000019870,0
06-0000027786,0
06-0000027791,0
06-0000049318,0
06-0000019871,0
06-0000041457,0
06-0000039034,0
06-0000042143,0
06-0000040238,0.034246575
06-0000045464,0
06-0000019294,0.142465753
06-0000045826,0
06-0000031761,0
06-0000031759,0
06-0000041697,0
06-0000013484,0
06-0000011606,0
06-0000027429,0
06-0000013487,0
06-0000011607,0.042465753
06-0000024362,0
06-0000045685,0
06-0000027424,0
06-0000023876,0
06-0000024357,0
06-0000011611,0
06-0000019575,0.034246575
06-0000045813,0.119178082
06-0000023877,0
06-0000019872,0
06-0000013099,0.032876712
06-0000013100,0.032876712
06-0000036909,0.176712329
06-0000050011,0
06-0000040403,0
06-0000030342,0.176712329
06-0000044814,0
06-0000030343,0.142465753
06-0000013483,0
06-0000013489,0.08630137
06-0000013098,0.032876712
06-0000013486,0
06-0000041098,0.208219178
06-0000045831,0
06-0000045833,0
06-0000026765,0.139726027
06-0000013096,0
06-0000045832,0
06-0000031758,0
06-0000045684,0
06-0000045825,0
06-0000013490,0.08630137
06-0000023325,0
06-0000026764,0.139726027
06-0000013088,0
06-0000045683,0.075342466
06-0000013087,0
06-0000045824,0
06-0000045682,0.075342466
06-0000027787,0
06-0000041700,0
06-0000023323,0
06-0000012525,0
06-0000041698,0
06-0000013525,0.179452055
06-0000045823,0
06-0000036908,0.179452055
06-0000013510,0
06-0000021928,0
06-0000024368,0.343835616
06-0000013507,0.912328767
06-0000023324,0
06-0000045835,0
06-0000013526,0.145205479
06-0000024370,0
06-0000013167,0.343835616
06-0000026149,0.912328767
06-0000041699,0
06-0000045649,0.145205479
06-0000012524,0
06-0000045822,0
06-0000013509,0
06-0000024369,0.343835616
06-0000013508,0.912328767
06-0000045834,0
06-0000045811,0.105479452
06-0000045842,0.091780822
06-0000051648,0.091780822
06-0000044797,0
06-0000024371,0.343835616
06-0000044796,0
06-0000045836,0
06-0000013178,0.068493151
06-0000045812,0.105479452
06-0000013161,0.105479452
06-0000028876,0.105479452
06-0000044798,0
06-0000013174,0.068493151
06-0000013176,0.068493151
06-0000045810,0.105479452
06-0000047701,0
06-0000049979,0
06-0000045806,0
06-0000045841,0.091780822
06-0000038968,0.068493151
06-0000038967,0.068493151
06-0000045807,0
06-0000045808,0
06-0000045821,0
06-0000038966,0.068493151
06-0000045840,0.091780822
06-0000050667,0.091780822
06-0000045805,0
06-0000045681,0.075342466
06-0000013785,0.038356164
06-0000028786,0
06-0000044812,0
06-0000013170,0.068493151
06-0000044813,0
06-0000045820,0
06-0000023878,0
06-0000013512,0
06-0000025963,0.038356164
06-0000044799,0
06-0000052718,0.075342466
06-0000052719,0.075342466
06-0000045679,0.075342466
06-0000013055,0.161643836
06-0000045680,0.075342466
06-0000013511,0
06-0000044811,0
06-0000013054,0.161643836
06-0000044809,0
06-0000045828,0
06-0000052717,0.075342466
06-0000045837,0
06-0000044808,0
06-0000050666,0
06-0000013506,0.865753425
06-0000013168,0
06-0000044806,0
06-0000045686,0
06-0000045678,0
06-0000044800,0
06-0000013169,0
06-0000044801,0
06-0000013053,0
06-0000044803,0
06-0000045839,0
06-0000050351,0
06-0000044805,0
06-0000044807,0
06-0000044810,0
06-0000050352,0
06-0000045687,0
06-0000044804,0
06-0000045838,0
06-0000044802,0
06-0000019572,0.108219178
06-0000013049,0
06-0000045677,0
06-0000013052,0
06-0000013050,0
06-0000038763,0.061643836
06-0000027427,0
06-0000028791,0.061643836
06-0000027110,0
06-0000040549,1.252054795
06-0000038984,0.061643836
06-0000023896,0.061643836
06-0000024550,0
06-0000038073,0.071232877
06-0000013514,0
06-0000023895,0.061643836
06-0000040500,1.252054795
06-0000026763,0
06-0000024501,1.252054795
06-0000025965,0
06-0000013513,0.252054795
06-0000011275,0.061643836
06-0000040499,0
06-0000044394,0
06-0000045804,0
06-0000028795,0.061643836
06-0000045657,0
06-0000028799,0.061643836
06-0000028793,0
06-0000045656,0
06-0000041170,0
06-0000045827,0
06-0000044696,0
06-0000013521,0.034246575
06-0000045658,0
06-0000041163,0
06-0000044393,0
06-0000015733,0
06-0000028806,0.061643836
06-0000045660,0
06-0000041172,0
06-0000013518,0
06-0000045655,0
06-0000052713,0
06-0000052714,0
06-0000013516,0
06-0000013515,0.252054795
06-0000045659,0
06-0000041169,0
06-0000044695,0
06-0000013519,0.034246575
06-0000013517,0
06-0000044697,0
06-0000028846,0.034246575
06-0000041171,0
06-0000045818,0
06-0000013520,0.034246575
06-0000041168,0
06-0000041164,0
06-0000045819,0
06-0000044689,0
06-0000045688,0
06-0000044704,0
06-0000041174,0
06-0000048801,0
06-0000048803,0
06-0000044693,0
06-0000052712,0
06-0000052711,0
06-0000045690,0.08630137
06-0000044691,0
06-0000045689,0.08630137
06-0000028805,0
06-0000037831,3.235616438
06-0000044694,0
06-0000044692,0
06-0000023321,0
06-0000030700,0
06-0000037832,3.235616438
06-0000027426,0
06-0000028808,3.235616438
06-0000029769,0
06-0000030701,0
06-0000029763,0
06-0000030699,0
06-0000011691,3.235616438
06-0000011690,0
06-0000045691,0.08630137
06-0000028807,3.235616438
06-0000045669,0
06-0000044925,0
06-0000028809,3.235616438
06-0000028810,3.191780822
06-0000038599,1.023287671
06-0000030702,1.023287671
06-0000030703,1.023287671
06-0000038598,1.023287671
06-0000038600,1.023287671
06-0000024502,0
06-0000048802,0
06-0000052150,0
06-0000028814,0
06-0000052149,0
06-0000041173,0
06-0000030704,1.023287671
06-0000036906,0
06-0000045873,0
06-0000045874,0
06-0000028813,0
06-0000030705,1.023287671
06-0000050025,0
06-0000045875,0
06-0000045872,0
06-0000047608,0
06-0000028817,0
06-0000024503,0
06-0000052829,3.952054795
06-0000013524,0
06-0000045830,0.032876712
06-0000028812,0
06-0000044392,0
06-0000028816,3.952054795
06-0000045668,0.032876712
06-0000050018,0
06-0000044391,0
06-0000044923,0
06-0000028815,0.42739726
06-0000028804,0.42739726
06-0000044390,0
06-0000044922,0
06-0000045797,0
06-0000045798,0
06-0000038072,0
06-0000045864,0
06-0000034383,0
06-0000045802,0
06-0000045871,0
06-0000045865,0
06-0000045692,0
06-0000045803,0
06-0000044389,0
06-0000045863,0
06-0000045868,0
06-0000045799,0
06-0000045869,0
06-0000028792,0.42739726
06-0000045867,0
06-0000028785,0.42739726
06-0000044702,0
06-0000028803,0
06-0000045829,0.032876712
06-0000044703,0
06-0000039035,0
06-0000028802,0
06-0000045845,0
06-0000028818,0
06-0000045878,0
06-0000045661,0
06-0000028787,0
06-0000028819,0
06-0000045846,0
06-0000028788,0
06-0000045662,0
06-0000045663,0
06-0000028783,0
06-0000045664,0
06-0000045665,0
06-0000045667,0
06-0000028801,0
06-0000045666,0
06-0000051053,0
06-0000051054,0
06-0000045670,0
06-0000028800,0
06-0000044388,0
06-0000045854,0
06-0000045847,0
06-0000045671,0
06-0000045855,0
06-0000045674,0
06-0000045853,0
06-0000045672,0
06-0000045673,0
06-0000045861,0
06-0000045856,0
06-0000044387,0
06-0000045675,0
06-0000045676,0
06-0000045862,0
06-0000045295,0
06-0000045866,0
06-0000052135,0
06-0000045296,0
06-0000028784,0
06-0000045291,0
06-0000041778,0
06-0000028790,0
06-0000028794,0.473972603
06-0000028782,0
06-0000036905,0
06-0000028789,0.483561644
06-0000028750,0
06-0000045848,0
06-0000028796,0.910958904
06-0000045852,0
06-0000050672,0.910958904
06-0000028748,0
06-0000028745,0
06-0000045851,0
06-0000034384,0
06-0000045850,0
06-0000052136,0
06-0000028770,0.436986301
06-0000045857,0
06-0000041371,0
06-0000045849,0
06-0000050671,0.910958904
06-0000031269,0
06-0000028781,0
06-0000041374,0
06-0000045860,0
06-0000013784,0
06-0000028747,0
06-0000045859,0
06-0000045796,0
06-0000041365,0
06-0000028742,0
06-0000028798,0.910958904
06-0000039043,0
06-0000041372,0
06-0000028777,0
06-0000045858,0
06-0000028780,0
06-0000028743,0
06-0000041366,0
06-0000045882,0
06-0000037773,0
06-0000039042,0
06-0000041369,0
06-0000045292,0
06-0000041373,0
06-0000039037,0.045205479
06-0000041370,0
06-0000028741,0
06-0000050953,0
06-0000050673,0.910958904
06-0000045293,0
06-0000028797,0.7
06-0000045711,0.045205479
06-0000039036,0.045205479
06-0000037774,0
06-0000045294,0
06-0000041368,0
06-0000039044,0
06-0000041363,0
06-0000028769,0.436986301
06-0000028778,0
06-0000041367,0
06-0000039039,0.045205479
06-0000045781,0
06-0000045712,0.045205479
06-0000028768,0.436986301
06-0000028753,0
06-0000028776,0
06-0000039041,0.045205479
06-0000028752,0
06-0000028767,0.436986301
06-0000039038,0.045205479
06-0000045710,0.045205479
06-0000045780,0
06-0000045779,0
06-0000045777,0
06-0000049638,0
06-0000045778,0
06-0000045776,0
06-0000028774,0
06-0000045775,0
06-0000028775,0
06-0000028772,0
06-0000028773,0
06-0000044386,0
06-0000049639,0
06-0000045786,0
06-0000045774,0
06-0000047725,0
06-0000028766,0
06-0000028771,0
06-0000028751,0
06-0000049640,0
06-0000028765,0
06-0000044385,0.039726027
06-0000045787,0.039726027
06-0000045773,0
06-0000028764,0
06-0000052139,3.245205479
06-0000015737,3.475342466
06-0000052137,3.475342466
06-0000041929,3.475342466
06-0000041267,0.320547945
06-0000052141,0.320547945
06-0000041268,3.475342466
06-0000047726,0
06-0000028754,0.08630137
06-0000045693,0.08630137
06-0000045694,0
06-0000044384,0.04109589
06-0000045695,0.080821918
06-0000028755,0.08630137
06-0000013633,0.320547945
06-0000051201,0.08630137
06-0000049533,0
06-0000049642,4.352054795
06-0000045696,0.04109589
06-0000049527,0.04109589
06-0000049523,0
06-0000049528,0.04109589
06-0000047719,4.352054795
06-0000049524,0
06-0000049526,0
06-0000049643,16.05068493
06-0000049529,0.04109589
06-0000048353,6.85890411
06-0000049525,0
06-0000047718,4.352054795
06-0000050676,6.85890411
06-0000045717,6.85890411
06-0000013634,0.267123288
06-0000045715,6.85890411
06-0000028763,0.079452055
06-0000049534,0
06-0000025792,0.230136986
06-0000045716,6.85890411
06-0000049537,0.08630137
06-0000047717,0
06-0000051459,0
06-0000045714,0
06-0000048352,6.85890411
06-0000036904,0.230136986
06-0000050675,6.85890411
06-0000049535,0
06-0000049536,0
06-0000028762,0.116438356
06-0000045713,0
06-0000047715,0.039726027
06-0000049538,0
06-0000013044,0.079452055
06-0000051458,0
06-0000047716,0
06-0000039040,0
06-0000013045,0.079452055
06-0000049532,0.04109589
06-0000030979,0.079452055
06-0000047714,0
06-0000051460,0.035616438
06-0000047723,11.69863014
06-0000030981,0.079452055
06-0000047724,11.69863014
06-0000047722,11.69863014
06-0000027783,0
06-0000045718,0
06-0000047721,0
06-0000011882,0
06-0000028760,0.079452055
06-0000049565,0
06-0000028761,0.079452055
06-0000027782,0
06-0000047720,0
06-0000047712,1.105479452
06-0000028759,0
06-0000027781,0
06-0000049455,0.369863014
06-0000047713,1.105479452
06-0000030980,0
06-0000047711,1.105479452
06-0000012386,0
06-0000035129,0
06-0000028757,0
06-0000027780,0
06-0000047710,0.369863014
06-0000028756,0
06-0000049454,0.369863014
06-0000041530,0
06-0000049453,0.369863014
06-0000027778,0
06-0000032381,0
06-0000011881,0
06-0000034385,0.369863014
06-0000051457,0
06-0000011879,0
06-0000027775,0
06-0000028758,0
06-0000011880,0
06-0000040095,0
06-0000027774,0
06-0000034386,0.323287671
06-0000027770,0
06-0000049649,0.050684932
06-0000049452,0.323287671
06-0000011878,0
06-0000044572,1.371232877
06-0000049650,0.050684932
06-0000049653,0
06-0000049647,0.050684932
06-0000049651,0.050684932
06-0000035676,0.043835616
06-0000035675,0.043835616
06-0000049652,0
06-0000049655,0
06-0000049648,0.050684932
06-0000049530,0
06-0000035674,0.043835616
06-0000049654,0
06-0000049657,0
06-0000049531,0
06-0000012422,0
06-0000049100,0
06-0000049103,0
06-0000013523,0
06-0000049098,0
06-0000022243,0
06-0000049099,0
06-0000045731,0
06-0000013522,0
06-0000049539,0
06-0000049644,0
06-0000034387,0.523287671
06-0000049102,0
06-0000012098,0
06-0000045719,0
06-0000049656,0
06-0000049104,0
06-0000012100,0
06-0000049571,0
06-0000049105,0
06-0000045720,0
06-0000049101,0
06-0000045722,0
06-0000012099,0
06-0000049106,0
06-0000045730,0
06-0000049641,0
06-0000049572,0
06-0000049568,0
06-0000045721,0
06-0000030483,0.27260274
06-0000012363,0.236986301
06-0000049563,0
06-0000049573,0
06-0000049567,0
06-0000049559,0
06-0000012362,0.27260274
06-0000049560,0
06-0000049557,0
06-0000012364,0.27260274
06-0000039067,0.27260274
06-0000049561,0
06-0000037790,0.256164384
06-0000049556,0.057534247
06-0000049553,0.057534247
06-0000002735,0.104109589
06-0000049555,0.057534247
06-0000049660,0
06-0000049550,3.108219178
06-0000049685,2.705479452
06-0000049686,2.705479452
06-0000049684,2.705479452
06-0000049679,0.92739726
06-0000052826,0
06-0000049451,0.132876712
06-0000049687,2.705479452
06-0000049681,0.92739726
06-0000049678,0.92739726
06-0000049658,0
06-0000049680,0.92739726
06-0000049677,0
06-0000049676,0
06-0000049662,0
06-0000049663,0
06-0000012456,0.257534247
06-0000049661,0
06-0000051661,0.089041096
06-0000049170,0
06-0000045728,0
06-0000012096,0.045205479
06-0000046620,0.432876712
06-0000012447,0.089041096
06-0000028101,0.089041096
06-0000049543,0
06-0000012097,0.045205479
06-0000045723,0
06-0000045729,0
06-0000012095,0.045205479
06-0000024413,0.390410959
06-0000045725,0
06-0000045727,0
06-0000045724,0
06-0000045708,0
06-0000045726,0
06-0000049541,0
06-0000049542,0
06-0000045709,0
06-0000045707,0
06-0000028102,0.135616438
06-0000045706,0
06-0000039222,0.135616438
06-0000049659,0
06-0000012367,0
06-0000039068,0
06-0000049606,0
06-0000049596,0
06-0000048565,0.056164384
06-0000048566,0.056164384
06-0000028104,0
06-0000003342,0.082191781
06-0000029187,0.036986301
06-0000039370,0.082191781
06-0000048564,0.056164384
06-0000013557,0.132876712
06-0000049607,0
06-0000024412,0.056164384
06-0000013556,0.22739726
06-0000012088,0
06-0000049605,0
06-0000012595,0.290410959
06-0000052771,0.983561644
06-0000012368,0.045205479
06-0000052769,0.983561644
06-0000024410,0.983561644
06-0000049608,0
06-0000052770,0.983561644
06-0000024408,0.983561644
06-0000049450,7.157534247
06-0000012094,0.082191781
06-0000002945,0.290410959
06-0000038499,0.036986301
06-0000012090,0.036986301
06-0000035385,0.290410959
06-0000024409,0.983561644
06-0000012089,0
06-0000049602,0
06-0000028511,0
06-0000039371,0.082191781
06-0000013555,0.22739726
06-0000038500,0
06-0000035386,0.132876712
06-0000013553,0.090410959
06-0000049604,0
06-0000024407,0.983561644
06-0000048575,0.145205479
06-0000049601,0
06-0000003344,0
06-0000012444,0.280821918
06-0000045705,0
06-0000039762,0
06-0000048574,0.145205479
06-0000039372,0.050684932
06-0000012093,0.082191781
06-0000025485,0
06-0000027362,0.715068493
06-0000049689,0.92739726
06-0000024406,0.983561644
06-0000048577,0.145205479
06-0000049603,0
06-0000013554,0.132876712
06-0000048576,0.145205479
06-0000013552,0.090410959
06-0000049666,0
06-0000039373,0.090410959
06-0000049665,0
06-0000012443,0.324657534
06-0000022978,0.042465753
06-0000003349,0.056164384
06-0000049500,0.31369863
06-0000045704,0
06-0000049501,0.31369863
06-0000049664,0
06-0000003345,0.050684932
06-0000013551,0.090410959
06-0000012371,0
06-0000012370,0.078082192
06-0000049615,0
06-0000037849,0.253424658
06-0000012439,1.065753425
06-0000049675,0
06-0000024424,0.056164384
06-0000028536,0
06-0000012369,0.078082192
06-0000049502,0.31369863
06-0000015685,0.993150685
06-0000003358,0.056164384
06-0000012102,0.082191781
06-0000049616,0
06-0000049499,0.552054795
06-0000003246,0.106849315
06-0000049614,0
06-0000013549,0.452054795
06-0000024420,0.056164384
06-0000049547,0
06-0000012440,0.993150685
06-0000049329,0.993150685
06-0000028535,0
06-0000034723,0.056164384
06-0000033648,0.056164384
06-0000049617,0
06-0000049611,0
06-0000012441,0.993150685
06-0000013548,0.331506849
06-0000003350,0.056164384
06-0000049503,0
06-0000031627,15.45753425
06-0000050941,0
06-0000045703,0
06-0000049612,0
06-0000052822,16.74520548
06-0000049610,0
06-0000052823,4.457534247
06-0000050942,0
06-0000050940,0
06-0000045702,0
06-0000049497,13.4260274
06-0000012442,0.089041096
06-0000049597,0
06-0000025507,0
06-0000011812,0.173972603
06-0000049613,0
06-0000049303,0
06-0000049667,0
06-0000023069,0
06-0000011052,0
06-0000049599,0
06-0000049448,5.039726027
06-0000015670,0
06-0000049624,0
06-0000049449,0
06-0000050022,0
06-0000002944,0
06-0000013546,0.598630137
06-0000052821,0
06-0000049625,0
06-0000049598,0
06-0000013545,0.565753425
06-0000049622,0
06-0000039374,0.565753425
06-0000034388,5.039726027
06-0000049600,0
06-0000013746,0
06-0000049496,6.116438356
06-0000049623,0
06-0000041569,0.083561644
06-0000045700,0
06-0000012101,0.130136986
06-0000041568,0.083561644
06-0000024641,0
06-0000049619,0
06-0000013747,0
06-0000045701,0
06-0000024642,0
06-0000049621,0
06-0000034361,0.073972603
06-0000049494,0.068493151
06-0000049620,0
06-0000045699,0
06-0000012147,0
06-0000039992,0
06-0000013182,0.634246575
06-0000045698,0.360273973
06-0000049495,5.320547945
06-0000049548,0
06-0000049618,0
06-0000013537,0.083561644
06-0000041364,0
06-0000011840,0
06-0000012638,0.130136986
06-0000012143,0
06-0000049672,0
06-0000012146,0
06-0000012148,0.036986301
06-0000049673,0
06-0000012107,0.117808219
06-0000028083,0.252054795
06-0000038498,0.073972603
06-0000012111,0.117808219
06-0000028084,0.252054795
06-0000049670,0
06-0000049585,0
06-0000028085,0.252054795
06-0000052144,0.360273973
06-0000012121,0.360273973
06-0000049586,0
06-0000012109,0.117808219
06-0000051727,0
06-0000013536,0.083561644
06-0000027247,0
06-0000049671,0
06-0000012108,0.117808219
06-0000012149,0.073972603
06-0000049584,0
06-0000041927,1.142465753
06-0000012155,0.360273973
06-0000037803,0.036986301
06-0000012144,0.036986301
06-0000041928,1.175342466
06-0000049587,0
06-0000037802,0.397260274
06-0000039074,0.397260274
06-0000037223,0.056164384
06-0000013180,0.471232877
06-0000012145,0.360273973
06-0000011839,0.198630137
06-0000045754,0
06-0000049669,0.206849315
06-0000045757,0
06-0000051728,0
06-0000048567,0.360273973
06-0000012597,0.230136986
06-0000025095,0.360273973
06-0000024640,0
06-0000045755,0
06-0000040430,4.604109589
06-0000045756,0
06-0000013171,1.02739726
06-0000028537,0
06-0000051356,1.02739726
06-0000046650,0
06-0000049589,0
06-0000049590,0
06-0000031747,0.606849315
06-0000012152,0.360273973
06-0000028088,0.224657534
06-0000049632,0
06-0000028089,0.224657534
06-0000028087,0.224657534
06-0000031466,0
06-0000025506,0
06-0000049977,0.052054795
06-0000028086,0.224657534
06-0000049581,0
06-0000011838,0.291780822
06-0000049634,0
06-0000013160,0.21369863
06-0000012176,0.052054795
06-0000049591,0
06-0000031465,0
06-0000049631,0
06-0000028090,0.201369863
06-0000028091,0.201369863
06-0000012136,0.124657534
06-0000028538,0
06-0000049633,0
06-0000028093,0.201369863
06-0000012175,0.052054795
06-0000028092,0.201369863
06-0000024639,0
06-0000013680,0.201369863
06-0000049580,0
06-0000012134,0.182191781
06-0000050028,0
06-0000013681,0.201369863
06-0000041704,0.182191781
06-0000012168,0.268493151
06-0000051819,0.182191781
06-0000015672,0.316438356
06-0000051729,0
06-0000012135,0.182191781
06-0000052709,0.268493151
06-0000045770,0
06-0000045772,0
06-0000051455,0.061643836
06-0000012133,0.149315068
06-0000049630,0
06-0000012130,0.27260274
06-0000045771,0
06-0000015674,0.268493151
06-0000045769,0
06-0000012164,0.360273973
06-0000045767,0
06-0000045768,0
06-0000012160,0.360273973
06-0000013535,0.782191781
06-0000011418,0
06-0000026031,0
06-0000047930,0.739726027
06-0000024637,0
06-0000024636,0
06-0000049976,0.145205479
06-0000026046,0
06-0000012159,0.410958904
06-0000013533,1.410958904
06-0000011836,0.528767123
06-0000012173,0.052054795
06-0000013447,0.145205479
06-0000022979,0.598630137
06-0000045316,0.410958904
06-0000026685,0.052054795
06-0000012172,0.052054795
06-0000026683,0.052054795
06-0000013534,1.024657534
06-0000025505,0
06-0000012122,0.209589041
06-0000036770,0.209589041
06-0000049628,0
06-0000012170,0.052054795
06-0000012169,0.052054795
06-0000026684,0.052054795
06-0000015734,0.98630137
06-0000027003,0.25890411
06-0000013446,0.145205479
06-0000050949,0
06-0000011837,0.453424658
06-0000012171,0.052054795
06-0000049629,0
06-0000049626,0
06-0000013529,2.067123288
06-0000026032,0.054794521
06-0000049627,0
06-0000040778,0.050684932
06-0000036880,0.17260274
06-0000013531,2.067123288
06-0000012166,0.320547945
06-0000013465,0.04109589
06-0000013448,0.206849315
06-0000012165,0.268493151
06-0000022105,0.315068493
06-0000013528,1.953424658
06-0000028539,0
06-0000012167,0.206849315
06-0000011417,0
06-0000026033,0
06-0000013430,0.280821918
06-0000052145,0.280821918
06-0000024635,0
06-0000013530,1.953424658
06-0000013445,0.145205479
06-0000026036,0.035616438
06-0000024634,0
06-0000026038,0.035616438
06-0000046649,0.17260274
06-0000052688,0.076712329
06-0000013442,0.145205479
06-0000013527,1.378082192
06-0000013432,0.487671233
06-0000026037,0.035616438
06-0000026039,0.076712329
06-0000013444,0.145205479
06-0000026043,0.076712329
06-0000052710,0.280821918
06-0000013443,0.145205479
06-0000013438,0.17260274
06-0000026045,0.076712329
06-0000026035,0
06-0000012117,0.093150685
06-0000013699,1.378082192
06-0000026048,0.04109589
06-0000035043,0.120547945
06-0000028540,0
06-0000026047,0.076712329
06-0000030273,0.04109589
06-0000040777,0.050684932
06-0000013437,0.280821918
06-0000013694,1.668493151
06-0000013780,0.065753425
06-0000013464,0.106849315
06-0000003610,2.626027397
06-0000015741,1.34109589
06-0000012123,0.084931507
06-0000003609,2.626027397
06-0000035039,0
06-0000052146,0.065753425
06-0000013783,0.065753425
06-0000052820,0.260273973
06-0000013690,0.32739726
06-0000013779,0.065753425
06-0000015730,0.106849315
06-0000035044,2.626027397
06-0000013693,1.668493151
06-0000013692,1.668493151
06-0000003608,0
06-0000013436,0.280821918
06-0000035042,0
06-0000034390,0.082191781
06-0000035040,0
06-0000013431,0.54109589
06-0000013781,0.106849315
06-0000013466,0.082191781
06-0000013691,0.32739726
06-0000013689,0.32739726
06-0000012639,0.061643836
06-0000013682,0.046575342
06-0000034389,0.123287671
06-0000035041,0
06-0000013468,0
06-0000012183,0
06-0000013435,0.280821918
06-0000029537,2.269863014
06-0000015729,0.035616438
06-0000015728,0.280821918
06-0000013688,0.130136986
06-0000013683,0.046575342
06-0000013433,0.280821918
06-0000024633,2.269863014
06-0000013452,0
06-0000013469,0
06-0000013434,0.280821918
06-0000013696,1.524657534
06-0000013697,0
06-0000024632,0.035616438
06-0000011416,0.035616438
06-0000015740,0.046575342
06-0000013451,0
06-0000013470,0
06-0000047931,0
06-0000012180,0
06-0000013218,0
06-0000012182,0
06-0000012114,0.235616438
06-0000038978,0.053424658
06-0000013698,0
06-0000013441,0
06-0000012181,0
06-0000012113,0.235616438
06-0000037224,0.235616438
06-0000013695,0.053424658
06-0000012178,0
06-0000013687,0.04109589
06-0000012124,0
06-0000013684,0.087671233
06-0000025502,1.520547945
06-0000013440,0
06-0000012637,0.061643836
06-0000013685,0.04109589
06-0000012179,0
06-0000025503,1.520547945
06-0000041606,0.061643836
06-0000025501,1.520547945
06-0000050016,0.045205479
06-0000052818,2.547945205
06-0000048420,0
06-0000013686,0.04109589
06-0000050950,0.035616438
06-0000025500,0
06-0000050951,0.035616438
06-0000013471,0
06-0000012127,0.467123288
06-0000026762,0
06-0000048419,0
06-0000033798,0.119178082
06-0000025504,1.520547945
06-0000013439,0.835616438
06-0000013467,0.201369863
06-0000033799,0.119178082
06-0000003612,0.201369863
06-0000025534,0
06-0000037816,0
06-0000037815,0
06-0000003357,0
06-0000012068,0.352054795
06-0000020419,0.297260274
06-0000013889,0
06-0000040293,0.035616438
06-0000012420,0.102739726
06-0000050677,2.693150685
06-0000048424,0
06-0000014173,0.042465753
06-0000040294,0.035616438
06-0000012419,0.035616438
06-0000025497,2.693150685
06-0000013891,0
06-0000026759,0.042465753
06-0000050944,0.042465753
06-0000029353,7.620547945
06-0000013138,7.620547945
06-0000013890,0
06-0000037811,0
06-0000014172,0.042465753
06-0000013137,7.620547945
06-0000013136,7.620547945
06-0000014174,0.047945205
06-0000030579,0.109589041
06-0000012865,0.190410959
06-0000048422,0
06-0000013505,0.261643836
06-0000041532,0.080821918
06-0000015705,0
06-0000013476,0.265753425
06-0000038345,0.265753425
06-0000014171,0
06-0000037835,0
06-0000039075,0
06-0000026104,0.076712329
06-0000034375,0
06-0000012866,2.693150685
06-0000012863,2.654794521
06-0000037238,2.865753425
06-0000014498,0.032876712
06-0000012421,0.067123288
06-0000012864,2.623287671
06-0000013475,0.443835616
06-0000031630,0.109589041
06-0000012069,0.376712329
06-0000026103,0
06-0000045337,0.152054795
06-0000028081,0.216438356
06-0000040311,2.865753425
06-0000014170,0
06-0000032154,0.236986301
06-0000052827,0.187671233
06-0000047803,2.654794521
06-0000037837,0
06-0000052828,0.153424658
06-0000050946,0
06-0000037836,0
06-0000014497,0
06-0000037237,2.865753425
06-0000014496,0
06-0000034362,0.236986301
06-0000012071,7.531506849
06-0000037236,2.638356164
06-0000047804,2.573972603
06-0000015774,0
06-0000014495,0
06-0000050947,0.079452055
06-0000015760,0.079452055
06-0000012072,0.28630137
06-0000014169,0.079452055
06-0000015691,0.331506849
06-0000012070,0.35890411
06-0000040059,0.071232877
06-0000022246,0
06-0000014167,0.079452055
06-0000014494,0
06-0000034377,0
06-0000013749,0
06-0000014168,0.079452055
06-0000012862,0.049315068
06-0000037766,0.071232877
06-0000005716,0.052054795
06-0000013478,0.339726027
06-0000050032,0.189041096
06-0000046872,0.189041096
06-0000037767,0.071232877
06-0000002940,0
06-0000014161,0.308219178
06-0000037234,0.106849315
06-0000002980,0.091780822
06-0000003615,0
06-0000037233,0.04109589
06-0000037768,0.071232877
06-0000037235,0.106849315
06-0000046654,0.071232877
06-0000014160,0.275342466
06-0000050730,0
06-0000014162,0.275342466
06-0000014163,0.079452055
06-0000003722,0
06-0000038963,0.471232877
06-0000038965,0.360273973
06-0000025496,0.049315068
06-0000029360,0.590410959
06-0000003233,0.091780822
06-0000013131,0.590410959
06-0000012583,0.182191781
06-0000003362,0.246575342
06-0000039193,0.301369863
06-0000003363,0
06-0000013474,0.360273973
06-0000022635,0
06-0000052715,0.138356164
06-0000052716,0.138356164
06-0000003364,0.384931507
06-0000013501,0.091780822
06-0000014511,0.228767123
06-0000030284,0.138356164
06-0000014512,0.228767123
06-0000037232,0.150684932
06-0000024777,0.304109589
06-0000037230,0.150684932
06-0000003237,0
06-0000014505,0.032876712
06-0000037231,0.150684932
06-0000024778,0.304109589
06-0000024779,0.304109589
06-0000015775,0.228767123
06-0000033829,0.035616438
06-0000013500,0
06-0000037229,1.035616438
06-0000037228,1.035616438
06-0000035678,0.554794521
06-0000033804,0.120547945
06-0000030697,0.083561644
06-0000046873,0.034246575
06-0000046874,0.034246575
06-0000052708,0.035616438
06-0000013502,0.089041096
06-0000014504,0.032876712
06-0000012859,0.554794521
06-0000046871,0.034246575
06-0000024780,0.384931507
06-0000014503,0.032876712
06-0000050731,0.554794521
06-0000034376,0.231506849
06-0000039755,0.071232877
06-0000025531,0.067123288
06-0000012073,0.338356164
06-0000035202,0.032876712
06-0000035203,0.032876712
06-0000024776,0.550684932
06-0000024781,0.384931507
06-0000013750,0
06-0000013503,0.089041096
06-0000024774,0.550684932
06-0000014501,0.032876712
06-0000014502,0.032876712
06-0000024775,0.304109589
06-0000040060,2.05890411
06-0000025952,0.304109589
06-0000012075,0.183561644
06-0000013751,0
06-0000012887,0
06-0000014164,0.309589041
06-0000013504,0.089041096
06-0000014507,0.032876712
06-0000012861,0
06-0000013482,0.465753425
06-0000039692,0.465753425
06-0000014165,0.309589041
06-0000013472,0.671232877
06-0000013473,0.312328767
06-0000012860,0
06-0000015731,0.176712329
06-0000050020,0
06-0000014500,0
06-0000013493,0.506849315
06-0000025951,0.884931507
06-0000012074,0.293150685
06-0000012867,0
06-0000039756,0
06-0000013485,0.053424658
06-0000012872,0.080821918
06-0000050954,0.078082192
06-0000025950,0.994520548
06-0000039693,0.053424658
06-0000013497,4.524657534
06-0000038979,0.309589041
06-0000014166,0
06-0000050955,0
06-0000013498,0.545205479
06-0000012871,0.080821918
06-0000037227,0.884931507
06-0000051452,0.080821918
06-0000025949,0.994520548
06-0000013028,0.210958904
06-0000037225,0.884931507
06-0000012869,0.080821918
06-0000037226,0.884931507
06-0000003147,0.079452055
06-0000014101,4.520547945
06-0000003359,4.389041096
06-0000022626,0.032876712
06-0000003352,4.309589041
06-0000033805,0
06-0000019861,0
06-0000013005,0.101369863
06-0000035126,0.101369863
06-0000013141,0
06-0000002870,0.210958904
06-0000013569,0
06-0000013143,0
06-0000002871,0.210958904
06-0000012940,0
06-0000011797,0.253424658
06-0000013566,0
06-0000003149,0.11369863
06-0000012941,0
06-0000051243,0
06-0000051244,0
06-0000003384,3.817808219
06-0000033830,3.817808219
06-0000013140,0
06-0000013142,0
06-0000013568,0
06-0000013567,0
06-0000002872,3.74109589
06-0000003144,0.079452055
06-0000023334,0
06-0000013573,0
06-0000002873,3.790410959
06-0000036927,0
06-0000051453,0
06-0000050948,0
06-0000039757,0
06-0000013007,0.210958904
06-0000028881,0
06-0000027793,0
06-0000013572,0
06-0000048427,2.109589041
06-0000013139,0
06-0000002876,0.11369863
06-0000002880,0.046575342
06-0000027797,0
06-0000027799,0
06-0000013571,0
06-0000039744,0
06-0000013574,0
06-0000039754,0.156164384
06-0000013006,2.076712329
06-0000027798,0
06-0000036926,0
06-0000039745,0
06-0000002878,0.043835616
06-0000012892,0
06-0000024645,0.226027397
06-0000012939,0.082191781
06-0000012893,0
06-0000039753,0.156164384
06-0000015715,0
06-0000027800,0
06-0000012942,0
06-0000012891,0
06-0000038820,0
06-0000033806,0
06-0000045334,2.116438356
06-0000013132,0
06-0000027801,0
06-0000024646,0.226027397
06-0000013008,0.063013699
06-0000040240,3.623287671
06-0000013565,0
06-0000025957,0
06-0000022980,0
06-0000024647,0.226027397
06-0000013575,0
06-0000039746,0
06-0000041876,0
06-0000041877,0
06-0000041121,0
06-0000019865,0
06-0000037839,0
06-0000013564,0
06-0000045333,0.115068493
06-0000050943,0
06-0000050014,2.12739726
06-0000041875,0
06-0000019867,0
06-0000038962,0.308219178
06-0000039747,0
06-0000019866,0
06-0000045225,0.038356164
06-0000027802,0
06-0000013004,0.308219178
06-0000013129,0
06-0000037758,0
06-0000038961,0.18630137
06-0000013130,0
06-0000002879,0.043835616
06-0000024648,0.476712329
06-0000013570,0
06-0000037757,0
06-0000041878,0
06-0000013127,0
06-0000013128,0
06-0000036543,0
06-0000003579,0
06-0000013010,0
06-0000033807,0.045205479
06-0000013587,0.038356164
06-0000039748,0.038356164
06-0000051454,0
06-0000041120,0.038356164
06-0000031629,0
06-0000013149,0
06-0000012890,0.090410959
06-0000027796,0
06-0000013576,0.045205479
06-0000038821,0.090410959
06-0000039749,0.038356164
06-0000013278,0.510958904
06-0000013148,0
06-0000050017,0
06-0000025954,0.038356164
06-0000013585,0.038356164
06-0000013277,0.543835616
06-0000039752,0.038356164
06-0000013586,0.038356164
06-0000030291,0.038356164
06-0000013147,0
06-0000028847,0.045205479
06-0000003647,0.115068493
06-0000013584,0.038356164
06-0000039750,0.038356164
06-0000003620,0.115068493
06-0000041879,0.198630137
06-0000032128,0.328767123
06-0000013274,0.578082192
06-0000013276,0.578082192
06-0000032127,0.365753425
06-0000040241,0.117808219
06-0000032130,0.365753425
06-0000025953,0.038356164
06-0000013009,0.034246575
06-0000013144,0
06-0000013259,0
06-0000013146,0
06-0000040244,0.117808219
06-0000032126,0.4
06-0000025495,0
06-0000013145,0
06-0000030692,0
06-0000012889,0.090410959
06-0000037756,0.247945205
06-0000038822,0.090410959
06-0000051463,0
06-0000030693,0
06-0000032129,0.535616438
06-0000030690,0.035616438
06-0000024543,0.139726027
06-0000030691,0.035616438
06-0000013273,0.789041096
06-0000013279,0.831506849
06-0000033820,0.139726027
06-0000032136,0
06-0000013282,0.868493151
06-0000035127,0
06-0000013582,0.143835616
06-0000013583,0.143835616
06-0000032135,0
06-0000050019,0
06-0000032134,0
06-0000013280,0.797260274
06-0000036922,0.338356164
06-0000013577,0.338356164
06-0000050024,0
06-0000013011,0
06-0000020831,0.338356164
06-0000035128,0
06-0000036925,0.338356164
06-0000013281,0.797260274
06-0000013270,0.217808219
06-0000035201,0.217808219
06-0000013134,0
06-0000003621,8.852054795
06-0000041605,0.035616438
06-0000025490,1.076712329
06-0000050945,0
06-0000051468,1.109589041
06-0000013578,0.457534247
06-0000036924,0.457534247
06-0000013135,0
06-0000036923,0.457534247
06-0000033821,0.178082192
06-0000024548,0.839726027
06-0000028848,0.51369863
06-0000033822,0.178082192
06-0000025491,1.109589041
06-0000037740,0.51369863
06-0000033808,0.51369863
06-0000036540,0.247945205
06-0000036541,0.247945205
06-0000040246,0.836986301
06-0000036542,0.247945205
06-0000040245,0.871232877
06-0000032138,0
06-0000039076,0
06-0000021801,0.056164384
06-0000013013,0.056164384
06-0000032131,0
06-0000040243,0
06-0000028079,0.056164384
06-0000013133,0.038356164
06-0000013579,0.119178082
06-0000032140,0.049315068
06-0000013581,0.143835616
06-0000040247,0.836986301
06-0000021799,0.056164384
06-0000032139,0
06-0000032137,0.17260274
06-0000051462,0.143835616
06-0000040242,0
06-0000040249,0.889041096
06-0000032132,0
06-0000032133,0
06-0000012888,0.191780822
06-0000013012,0.056164384
06-0000024547,0.845205479
06-0000050023,0
06-0000021798,0.056164384
06-0000050009,0.101369863
06-0000033823,0.191780822
06-0000033824,0.191780822
06-0000040248,0.767123288
06-0000031753,0
06-0000024667,8.780821918
06-0000013580,0
06-0000021802,0.110958904
06-0000040237,0.168493151
06-0000013363,0.168493151
06-0000031748,0.394520548
06-0000033809,0.51369863
06-0000050027,0.51369863
06-0000031751,0
06-0000012120,8.742465753
06-0000033452,0
06-0000028078,0.24109589
06-0000037239,0.24109589
06-0000036538,0.052054795
06-0000031749,0.056164384
06-0000013370,0
06-0000013369,0
06-0000012064,0.24109589
06-0000036539,0.182191781
06-0000050010,0.182191781
06-0000012063,0.24109589
06-0000028077,0.24109589
06-0000037240,0.24109589
06-0000015668,0.24109589
06-0000031752,0
06-0000033813,0.260273973
06-0000022965,0.217808219
06-0000041529,5.731506849
06-0000018738,0
06-0000051379,0.056164384
06-0000018737,0
06-0000013354,0.126027397
06-0000031754,0
06-0000003060,0
06-0000033826,0.142465753
06-0000033825,0.049315068
06-0000012128,0.049315068
06-0000024552,12.63561644
06-0000018195,0
06-0000041570,12.63561644
06-0000013355,0.364383562
06-0000030278,0.215068493
06-0000015726,0
06-0000013359,0.235616438
06-0000003581,6.942465753
06-0000049387,0.04109589
06-0000052682,0.282191781
06-0000012065,0.097260274
06-0000024551,9.645205479
06-0000052684,0.405479452
06-0000050029,0.235616438
06-0000037753,0.235616438
06-0000013357,0.054794521
06-0000013356,0.235616438
06-0000052683,0.405479452
06-0000037752,0.235616438
06-0000013368,2.673972603
06-0000012979,0.056164384
06-0000033827,0
06-0000033828,0
06-0000050031,0.056164384
06-0000052685,1.034246575
06-0000003590,2.673972603
06-0000012129,0
06-0000012976,0.056164384
06-0000028100,0
06-0000036919,0.056164384
06-0000050030,0.130136986
06-0000037751,0.075342466
06-0000013364,0.056164384
06-0000037750,0.22739726
06-0000036921,0.056164384
06-0000025603,0.075342466
06-0000018194,0.12739726
06-0000012115,0.116438356
06-0000012977,0.056164384
06-0000013361,0.902739726
06-0000013362,0.902739726
06-0000036920,0.056164384
06-0000018193,0.12739726
06-0000012978,0.056164384
06-0000033453,0
06-0000028099,0
06-0000036918,0.056164384
06-0000013360,0.930136986
06-0000028098,0
06-0000013358,0.075342466
06-0000024553,0.497260274
06-0000012116,0.075342466
06-0000028097,0
06-0000024554,0.497260274
06-0000028080,0
06-0000024555,0.497260274
06-0000027836,0.056164384
06-0000003639,2.673972603
06-0000013367,1.224657534
06-0000024557,1.224657534
06-0000028096,0.034246575
06-0000045421,1.224657534
06-0000045420,1.224657534
06-0000028095,0.034246575
06-0000013366,1.224657534
06-0000033810,2.673972603
06-0000013365,1.224657534
06-0000018192,0
06-0000012126,0.160273973
06-0000047448,0.9
06-0000018191,0
06-0000037736,0
06-0000003638,0
06-0000033606,0
06-0000003591,0.9
06-0000018190,0
06-0000015671,0.034246575
06-0000018189,0
06-0000034726,0
06-0000033605,0
06-0000003592,0.878082192
06-0000003593,0.878082192
06-0000033811,0.720547945
06-0000003637,0.982191781
06-0000012125,0.150684932
06-0000035562,0
06-0000035545,0
06-0000028094,0.102739726
06-0000037735,0
06-0000033812,0
06-0000003624,0.228767123
06-0000003626,0.228767123
06-0000013179,0.324657534
06-0000036916,0.324657534
06-0000003625,0.228767123
06-0000013177,0.324657534
06-0000003629,0.153424658
06-0000003630,0.153424658
06-0000027824,0.331506849
06-0000013173,0.324657534
06-0000036914,0.324657534
06-0000013175,0.324657534
06-0000036917,0.324657534
06-0000003631,0.153424658
06-0000025604,0
06-0000027823,0
06-0000015716,0.331506849
06-0000035546,0.106849315
06-0000013673,0
06-0000041531,5.284931507
06-0000013172,0.106849315
06-0000027835,0.106849315
06-0000045377,0.815068493
06-0000019535,0
06-0000035547,0.106849315
06-0000027825,0.331506849
06-0000027834,0.106849315
06-0000018739,0
06-0000013159,0.323287671
06-0000027833,0.323287671
06-0000027832,0.323287671
06-0000013158,0.323287671
06-0000033814,0
06-0000041214,5.217808219
06-0000027826,0.045205479
06-0000033815,0
06-0000035563,0.216438356
06-0000013157,0.089041096
06-0000013163,0.216438356
06-0000045425,0.230136986
06-0000003623,0.197260274
06-0000027827,0.216438356
06-0000013162,0.216438356
06-0000030698,0
06-0000002976,0
06-0000003628,0.532876712
06-0000013674,0
06-0000027819,0.190410959
06-0000038980,0
06-0000027822,0
06-0000013181,0
06-0000030628,0
06-0000027820,0.142465753
06-0000012458,1.57260274
06-0000030580,0
06-0000027821,0
06-0000030629,0
06-0000013676,0
06-0000036913,0
06-0000027829,0.216438356
06-0000030620,0.1
06-0000030619,0.150684932
06-0000036041,0
06-0000027830,0.216438356
06-0000013675,0.242465753
06-0000022449,0
06-0000027818,0.075342466
06-0000013164,0.171232877
06-0000027817,0.042465753
06-0000036042,0
06-0000027816,0.042465753
06-0000027831,0.043835616
06-0000019028,0.105479452
06-0000026760,0.105479452
06-0000026761,0.105479452
06-0000027803,0.334246575
06-0000034372,5.334246575
06-0000021250,5.334246575
06-0000050021,0
06-0000003627,1.4
06-0000030630,0
06-0000021252,5.334246575
06-0000013677,0
06-0000019863,0
06-0000013678,0
06-0000027815,0
06-0000002690,0
06-0000013165,0
06-0000023176,0.123287671
06-0000019351,0.039726027
06-0000019846,0
06-0000040053,0.039726027
06-0000048411,0.034246575
06-0000015717,0
06-0000027814,0.117808219
06-0000013679,0.034246575
06-0000011835,0
06-0000038451,0.083561644
06-0000013097,0
06-0000002993,0.326027397
06-0000019862,0
06-0000046659,0.445205479
06-0000013287,0.034246575
06-0000038058,0.034246575
06-0000052465,0.034246575
06-0000027813,0.034246575
06-0000038056,0.034246575
06-0000011740,0
06-0000013285,0.034246575
06-0000013289,0.038356164
06-0000013286,0.034246575
06-0000038057,0.034246575
06-0000051464,0.034246575
06-0000052464,0.034246575
06-0000013288,0.07260274
06-0000011586,0.032876712
06-0000019859,0.08630137
06-0000051465,0.034246575
06-0000025511,0.046575342
06-0000027812,0
06-0000033819,0
06-0000038055,0
06-0000025513,0.04109589
06-0000013268,0.117808219
06-0000019849,0
06-0000012036,0.08630137
06-0000002992,0.326027397
06-0000027810,0.157534247
06-0000029739,0.032876712
06-0000034374,0
06-0000011588,0.046575342
06-0000013272,0.117808219
06-0000032155,0.08630137
06-0000013269,0.117808219
06-0000013671,0.14109589
06-0000013271,0.117808219
06-0000011585,0
06-0000025514,0
06-0000013267,0.157534247
06-0000013290,0.038356164
06-0000011024,0.279452055
06-0000034373,0
06-0000037899,0
06-0000013353,0.642465753
06-0000048447,0.371232877
06-0000021797,0.157534247
06-0000013669,0
06-0000013266,0.157534247
06-0000013371,0.069863014
06-0000011023,0.279452055
06-0000027805,0.236986301
06-0000027838,0
06-0000012945,0.382191781
06-0000027808,0.209589041
06-0000029016,0.038356164
06-0000027807,0.091780822
06-0000012035,0.098630137
06-0000027840,0
06-0000038975,0.236986301
06-0000012033,0.42739726
06-0000011022,0.279452055
06-0000028955,0.038356164
06-0000025517,0.134246575
06-0000027806,0.431506849
06-0000034371,0.134246575
06-0000013095,0
06-0000013086,0
06-0000030294,0.27260274
06-0000039470,0.323287671
06-0000019848,0.27260274
06-0000000002,0.656164384
06-0000028956,0.038356164
06-0000013093,0
06-0000013094,0
06-0000030293,0.510958904
06-0000035205,0
06-0000035204,0
06-0000013092,0
06-0000050013,0.057534247
06-0000013091,0
06-0000027841,0
06-0000033797,0.749315068
06-0000013275,0.057534247
06-0000033816,0.057534247
06-0000050026,0
06-0000034370,0.076712329
06-0000033796,0.749315068
06-0000025581,0.749315068
06-0000012032,0.076712329
06-0000052459,0.801369863
06-0000025582,0.749315068
06-0000028061,0.801369863
06-0000052453,0.921917808
06-0000052451,0.921917808
06-0000028060,0.801369863
06-0000028062,0.801369863
06-0000012028,0
06-0000051467,0
06-0000052452,0.921917808
06-0000025583,0.749315068
06-0000031331,0
06-0000051466,0
06-0000050012,0
06-0000013284,0
06-0000013283,0
06-0000015721,0
06-0000049978,0
06-0000026905,0
06-0000026904,0
06-0000028063,0.195890411
06-0000023070,0.14109589
06-0000028064,0.195890411
06-0000028065,0.195890411
06-0000034369,0.14109589
06-0000035739,0
06-0000015722,0
06-0000028067,0
06-0000030617,0.14109589
06-0000048500,0
06-0000048501,0
06-0000028066,0
06-0000013301,0
06-0000027398,0
06-0000037897,0.14109589
06-0000030015,0.075342466
06-0000030616,0.14109589
06-0000028068,0.035616438
06-0000028069,0.035616438
06-0000034368,0.14109589
06-0000052454,0.045205479
06-0000028070,0.261643836
06-0000013302,0.035616438
06-0000052456,0.261643836
06-0000052455,0.261643836
06-0000052457,0.283561644
06-0000034367,0.402739726
06-0000027404,0
06-0000027418,0.039726027
06-0000027405,0.039726027
06-0000044383,0.035616438
06-0000018477,0.035616438
06-0000034366,1.091780822
06-0000048404,1.091780822
06-0000047275,0.467123288
06-0000032156,0.035616438
06-0000012999,0.035616438
06-0000015710,1.091780822
06-0000048405,1.091780822
06-0000047268,0.1
06-0000012997,1.053424658
06-0000003224,1.053424658
06-0000047269,0.131506849
06-0000027409,0.54109589
06-0000047271,1.091780822
06-0000047274,0
06-0000027416,2.278082192
06-0000027417,2.278082192
06-0000027408,0.579452055
06-0000027410,0.54109589
06-0000013018,0.034246575
06-0000027415,2.342465753
06-0000027411,0.579452055
06-0000025617,0.589041096
06-0000025618,0.589041096
06-0000027419,2.390410959
06-0000037731,0
06-0000013019,0
06-0000011747,0.91369863
06-0000027431,0.039726027
06-0000027434,0.194520548
06-0000047273,0.720547945
06-0000013020,0
06-0000024252,0.224657534
06-0000047272,0.383561644
06-0000027435,0.039726027
06-0000027420,0.480821918
06-0000027412,0.480821918
06-0000027413,0.238356164
06-0000027414,0.480821918
06-0000024254,0.260273973
06-0000047270,0.753424658
06-0000024253,0.31369863
06-0000027437,0.039726027
06-0000033817,0.369863014
06-0000048584,0.379452055
06-0000027449,0.154794521
06-0000027453,0.154794521
06-0000027454,0.154794521
06-0000026601,0.383561644
06-0000028880,0.12739726
06-0000028879,0.12739726
06-0000019673,0.154794521
06-0000028878,0.12739726
06-0000024251,0.383561644
06-0000027441,0.12739726
06-0000026600,0.383561644
06-0000026599,0.383561644
06-0000012603,0.597260274
06-0000027442,0.12739726
06-0000045076,0.369863014
06-0000027440,0.073972603
06-0000027455,0.154794521
06-0000027443,0.087671233
06-0000033818,0.631506849
06-0000011877,0.220547945
06-0000034365,0.220547945
06-0000024236,0.273972603
06-0000027438,0
06-0000024237,0.553424658
06-0000024238,0.553424658
06-0000027444,0
06-0000027445,0
06-0000027446,0
06-0000019593,0
06-0000024247,0.279452055
06-0000024245,0.279452055
06-0000011869,0.382191781
06-0000024246,0.279452055
06-0000012604,0.076712329
06-0000034364,0.291780822
06-0000012605,0
06-0000012602,0
06-0000040321,0.291780822
06-0000030613,0.291780822
06-0000049278,0.291780822
06-0000019591,0
06-0000027447,0
06-0000035468,0
06-0000027448,0
06-0000011874,0.291780822
06-0000012601,0.042465753
06-0000012600,0
06-0000041607,0
06-0000015692,0
06-0000030496,0
06-0000038456,0
06-0000012599,0
06-0000011875,0.732876712
06-0000023417,2.62739726
06-0000034363,0.780821918
06-0000012598,2.62739726
06-0000011873,0.761643836
06-0000011871,0.761643836
06-0000011870,0.761643836
06-0000003239,2.62739726
06-0000012023,2.62739726
06-0000012024,2.62739726
06-0000002715,0.087671233
